{"accuracy": 0.6666666666666666, "recall": 0.6458333333333333, "precision": 0.70625, "f1": 0.6426587301587302}